real_user_id,zero_indexed_user_id
1,0
1112,1
2222,2
3332,3
4438,4
5548,5
5700,6
5811,7
5922,8
2,9
113,10
224,11
335,12
446,13
557,14
668,15
779,16
890,17
1001,18
1113,19
1224,20
1335,21
1446,22
1557,23
1668,24
1779,25
1890,26
2001,27
2112,28
2223,29
2334,30
2445,31
2556,32
2667,33
2778,34
2888,35
2999,36
3110,37
3221,38
3333,39
3444,40
3555,41
3665,42
3775,43
3884,44
3995,45
4105,46
4216,47
4327,48
4439,49
4550,50
4661,51
4772,52
4883,53
4994,54
5105,55
5216,56
5327,57
5437,58
5549,59
5601,60
5612,61
5623,62
5634,63
5645,64
5656,65
5667,66
5678,67
5689,68
5701,69
5712,70
5723,71
5734,72
5745,73
5756,74
5767,75
5778,76
5789,77
5800,78
5812,79
5823,80
5834,81
5845,82
5856,83
5867,84
5878,85
5889,86
5900,87
5911,88
5923,89
5934,90
5945,91
5956,92
5967,93
5978,94
5989,95
6000,96
6011,97
6022,98
3,99
14,100
25,101
36,102
47,103
58,104
69,105
80,106
91,107
102,108
114,109
125,110
136,111
147,112
158,113
169,114
180,115
191,116
202,117
213,118
225,119
236,120
247,121
258,122
269,123
280,124
291,125
302,126
313,127
324,128
336,129
347,130
358,131
369,132
380,133
391,134
402,135
413,136
424,137
435,138
447,139
458,140
469,141
480,142
491,143
502,144
513,145
524,146
535,147
546,148
558,149
569,150
580,151
591,152
602,153
613,154
624,155
635,156
646,157
657,158
669,159
680,160
691,161
702,162
713,163
724,164
735,165
746,166
757,167
768,168
780,169
791,170
802,171
813,172
824,173
835,174
846,175
857,176
868,177
879,178
891,179
902,180
913,181
924,182
935,183
946,184
957,185
968,186
979,187
990,188
1002,189
1013,190
1024,191
1035,192
1046,193
1057,194
1068,195
1079,196
1090,197
1101,198
1114,199
1125,200
1136,201
1147,202
1158,203
1169,204
1180,205
1191,206
1202,207
1213,208
1225,209
1236,210
1247,211
1258,212
1269,213
1280,214
1291,215
1302,216
1313,217
1324,218
1336,219
1347,220
1358,221
1369,222
1380,223
1391,224
1402,225
1413,226
1424,227
1435,228
1447,229
1458,230
1469,231
1480,232
1491,233
1502,234
1513,235
1524,236
1535,237
1546,238
1558,239
1569,240
1580,241
1591,242
1602,243
1613,244
1624,245
1635,246
1646,247
1657,248
1669,249
1680,250
1691,251
1702,252
1713,253
1724,254
1735,255
1746,256
1757,257
1768,258
1780,259
1791,260
1802,261
1813,262
1824,263
1835,264
1846,265
1857,266
1868,267
1879,268
1891,269
1902,270
1913,271
1924,272
1935,273
1946,274
1957,275
1968,276
1979,277
1990,278
2002,279
2013,280
2024,281
2035,282
2046,283
2057,284
2068,285
2079,286
2090,287
2101,288
2113,289
2124,290
2135,291
2146,292
2157,293
2167,294
2178,295
2189,296
2200,297
2211,298
2224,299
2235,300
2246,301
2257,302
2268,303
2279,304
2290,305
2301,306
2312,307
2323,308
2335,309
2346,310
2357,311
2368,312
2379,313
2390,314
2401,315
2412,316
2423,317
2434,318
2446,319
2457,320
2468,321
2479,322
2490,323
2501,324
2512,325
2523,326
2534,327
2545,328
2557,329
2568,330
2579,331
2590,332
2601,333
2612,334
2623,335
2634,336
2645,337
2656,338
2668,339
2679,340
2690,341
2701,342
2712,343
2723,344
2734,345
2745,346
2756,347
2767,348
2779,349
2790,350
2801,351
2812,352
2823,353
2834,354
2845,355
2856,356
2867,357
2878,358
2889,359
2900,360
2911,361
2922,362
2933,363
2944,364
2955,365
2966,366
2977,367
2988,368
3000,369
3011,370
3022,371
3033,372
3044,373
3055,374
3066,375
3077,376
3088,377
3099,378
3111,379
3122,380
3133,381
3144,382
3155,383
3166,384
3177,385
3188,386
3199,387
3210,388
3222,389
3233,390
3244,391
3255,392
3266,393
3277,394
3288,395
3299,396
3310,397
3321,398
3334,399
3345,400
3356,401
3367,402
3378,403
3389,404
3400,405
3411,406
3422,407
3433,408
3445,409
3456,410
3467,411
3478,412
3489,413
3500,414
3511,415
3522,416
3533,417
3544,418
3556,419
3567,420
3578,421
3589,422
3600,423
3611,424
3622,425
3633,426
3644,427
3655,428
3666,429
3677,430
3688,431
3699,432
3710,433
3720,434
3731,435
3742,436
3753,437
3764,438
3776,439
3787,440
3798,441
3809,442
3820,443
3831,444
3842,445
3852,446
3863,447
3873,448
3885,449
3896,450
3907,451
3918,452
3929,453
3940,454
3951,455
3962,456
3973,457
3984,458
3996,459
4007,460
4018,461
4029,462
4039,463
4050,464
4061,465
4072,466
4083,467
4094,468
4106,469
4117,470
4128,471
4139,472
4150,473
4161,474
4172,475
4183,476
4194,477
4205,478
4217,479
4228,480
4239,481
4250,482
4261,483
4272,484
4283,485
4294,486
4305,487
4316,488
4328,489
4339,490
4350,491
4361,492
4372,493
4383,494
4394,495
4405,496
4416,497
4427,498
4440,499
4451,500
4462,501
4473,502
4484,503
4495,504
4506,505
4517,506
4528,507
4539,508
4551,509
4562,510
4573,511
4584,512
4595,513
4606,514
4617,515
4628,516
4639,517
4650,518
4662,519
4673,520
4684,521
4695,522
4706,523
4717,524
4728,525
4739,526
4750,527
4761,528
4773,529
4784,530
4795,531
4806,532
4817,533
4828,534
4839,535
4850,536
4861,537
4872,538
4884,539
4895,540
4906,541
4917,542
4928,543
4939,544
4950,545
4961,546
4972,547
4983,548
4995,549
5006,550
5017,551
5028,552
5039,553
5050,554
5061,555
5072,556
5083,557
5094,558
5106,559
5117,560
5128,561
5139,562
5150,563
5161,564
5172,565
5183,566
5194,567
5205,568
5217,569
5228,570
5239,571
5250,572
5261,573
5272,574
5283,575
5294,576
5305,577
5316,578
5328,579
5339,580
5350,581
5361,582
5372,583
5383,584
5393,585
5404,586
5415,587
5426,588
5438,589
5449,590
5460,591
5471,592
5482,593
5493,594
5504,595
5515,596
5526,597
5537,598
5550,599
5561,600
5572,601
5583,602
5594,603
5596,604
5597,605
5598,606
5599,607
5600,608
5602,609
5603,610
5604,611
5605,612
5606,613
5607,614
5608,615
5609,616
5610,617
5611,618
5613,619
5614,620
5615,621
5616,622
5617,623
5618,624
5619,625
5620,626
5621,627
5622,628
5624,629
5625,630
5626,631
5627,632
5628,633
5629,634
5630,635
5631,636
5632,637
5633,638
5635,639
5636,640
5637,641
5638,642
5639,643
5640,644
5641,645
5642,646
5643,647
5644,648
5646,649
5647,650
5648,651
5649,652
5650,653
5651,654
5652,655
5653,656
5654,657
5655,658
5657,659
5658,660
5659,661
5660,662
5661,663
5662,664
5663,665
5664,666
5665,667
5666,668
5668,669
5669,670
5670,671
5671,672
5672,673
5673,674
5674,675
5675,676
5676,677
5677,678
5679,679
5680,680
5681,681
5682,682
5683,683
5684,684
5685,685
5686,686
5687,687
5688,688
5690,689
5691,690
5692,691
5693,692
5694,693
5695,694
5696,695
5697,696
5698,697
5699,698
5702,699
5703,700
5704,701
5705,702
5706,703
5707,704
5708,705
5709,706
5710,707
5711,708
5713,709
5714,710
5715,711
5716,712
5717,713
5718,714
5719,715
5720,716
5721,717
5722,718
5724,719
5725,720
5726,721
5727,722
5728,723
5729,724
5730,725
5731,726
5732,727
5733,728
5735,729
5736,730
5737,731
5738,732
5739,733
5740,734
5741,735
5742,736
5743,737
5744,738
5746,739
5747,740
5748,741
5749,742
5750,743
5751,744
5752,745
5753,746
5754,747
5755,748
5757,749
5758,750
5759,751
5760,752
5761,753
5762,754
5763,755
5764,756
5765,757
5766,758
5768,759
5769,760
5770,761
5771,762
5772,763
5773,764
5774,765
5775,766
5776,767
5777,768
5779,769
5780,770
5781,771
5782,772
5783,773
5784,774
5785,775
5786,776
5787,777
5788,778
5790,779
5791,780
5792,781
5793,782
5794,783
5795,784
5796,785
5797,786
5798,787
5799,788
5801,789
5802,790
5803,791
5804,792
5805,793
5806,794
5807,795
5808,796
5809,797
5810,798
5813,799
5814,800
5815,801
5816,802
5817,803
5818,804
5819,805
5820,806
5821,807
5822,808
5824,809
5825,810
5826,811
5827,812
5828,813
5829,814
5830,815
5831,816
5832,817
5833,818
5835,819
5836,820
5837,821
5838,822
5839,823
5840,824
5841,825
5842,826
5843,827
5844,828
5846,829
5847,830
5848,831
5849,832
5850,833
5851,834
5852,835
5853,836
5854,837
5855,838
5857,839
5858,840
5859,841
5860,842
5861,843
5862,844
5863,845
5864,846
5865,847
5866,848
5868,849
5869,850
5870,851
5871,852
5872,853
5873,854
5874,855
5875,856
5876,857
5877,858
5879,859
5880,860
5881,861
5882,862
5883,863
5884,864
5885,865
5886,866
5887,867
5888,868
5890,869
5891,870
5892,871
5893,872
5894,873
5895,874
5896,875
5897,876
5898,877
5899,878
5901,879
5902,880
5903,881
5904,882
5905,883
5906,884
5907,885
5908,886
5909,887
5910,888
5912,889
5913,890
5914,891
5915,892
5916,893
5917,894
5918,895
5919,896
5920,897
5921,898
5924,899
5925,900
5926,901
5927,902
5928,903
5929,904
5930,905
5931,906
5932,907
5933,908
5935,909
5936,910
5937,911
5938,912
5939,913
5940,914
5941,915
5942,916
5943,917
5944,918
5946,919
5947,920
5948,921
5949,922
5950,923
5951,924
5952,925
5953,926
5954,927
5955,928
5957,929
5958,930
5959,931
5960,932
5961,933
5962,934
5963,935
5964,936
5965,937
5966,938
5968,939
5969,940
5970,941
5971,942
5972,943
5973,944
5974,945
5975,946
5976,947
5977,948
5979,949
5980,950
5981,951
5982,952
5983,953
5984,954
5985,955
5986,956
5987,957
5988,958
5990,959
5991,960
5992,961
5993,962
5994,963
5995,964
5996,965
5997,966
5998,967
5999,968
6001,969
6002,970
6003,971
6004,972
6005,973
6006,974
6007,975
6008,976
6009,977
6010,978
6012,979
6013,980
6014,981
6015,982
6016,983
6017,984
6018,985
6019,986
6020,987
6021,988
6023,989
6024,990
6025,991
6026,992
6027,993
6028,994
6029,995
6030,996
6031,997
6032,998
4,999
5,1000
6,1001
7,1002
8,1003
9,1004
10,1005
11,1006
12,1007
13,1008
15,1009
16,1010
17,1011
18,1012
19,1013
20,1014
21,1015
22,1016
23,1017
24,1018
26,1019
27,1020
28,1021
29,1022
30,1023
31,1024
32,1025
33,1026
34,1027
35,1028
37,1029
38,1030
39,1031
40,1032
41,1033
42,1034
43,1035
44,1036
45,1037
46,1038
48,1039
49,1040
50,1041
51,1042
52,1043
53,1044
54,1045
55,1046
56,1047
57,1048
59,1049
60,1050
61,1051
62,1052
63,1053
64,1054
65,1055
66,1056
67,1057
68,1058
70,1059
71,1060
72,1061
73,1062
74,1063
75,1064
76,1065
77,1066
78,1067
79,1068
81,1069
82,1070
83,1071
84,1072
85,1073
86,1074
87,1075
88,1076
89,1077
90,1078
92,1079
93,1080
94,1081
95,1082
96,1083
97,1084
98,1085
99,1086
100,1087
101,1088
103,1089
104,1090
105,1091
106,1092
107,1093
108,1094
109,1095
110,1096
111,1097
112,1098
115,1099
116,1100
117,1101
118,1102
119,1103
120,1104
121,1105
122,1106
123,1107
124,1108
126,1109
127,1110
128,1111
129,1112
130,1113
131,1114
132,1115
133,1116
134,1117
135,1118
137,1119
138,1120
139,1121
140,1122
141,1123
142,1124
143,1125
144,1126
145,1127
146,1128
148,1129
149,1130
150,1131
151,1132
152,1133
153,1134
154,1135
155,1136
156,1137
157,1138
159,1139
160,1140
161,1141
162,1142
163,1143
164,1144
165,1145
166,1146
167,1147
168,1148
170,1149
171,1150
172,1151
173,1152
174,1153
175,1154
176,1155
177,1156
178,1157
179,1158
181,1159
182,1160
183,1161
184,1162
185,1163
186,1164
187,1165
188,1166
189,1167
190,1168
192,1169
193,1170
194,1171
195,1172
196,1173
197,1174
198,1175
199,1176
200,1177
201,1178
203,1179
204,1180
205,1181
206,1182
207,1183
208,1184
209,1185
210,1186
211,1187
212,1188
214,1189
215,1190
216,1191
217,1192
218,1193
219,1194
220,1195
221,1196
222,1197
223,1198
226,1199
227,1200
228,1201
229,1202
230,1203
231,1204
232,1205
233,1206
234,1207
235,1208
237,1209
238,1210
239,1211
240,1212
241,1213
242,1214
243,1215
244,1216
245,1217
246,1218
248,1219
249,1220
250,1221
251,1222
252,1223
253,1224
254,1225
255,1226
256,1227
257,1228
259,1229
260,1230
261,1231
262,1232
263,1233
264,1234
265,1235
266,1236
267,1237
268,1238
270,1239
271,1240
272,1241
273,1242
274,1243
275,1244
276,1245
277,1246
278,1247
279,1248
281,1249
282,1250
283,1251
284,1252
285,1253
286,1254
287,1255
288,1256
289,1257
290,1258
292,1259
293,1260
294,1261
295,1262
296,1263
297,1264
298,1265
299,1266
300,1267
301,1268
303,1269
304,1270
305,1271
306,1272
307,1273
308,1274
309,1275
310,1276
311,1277
312,1278
314,1279
315,1280
316,1281
317,1282
318,1283
319,1284
320,1285
321,1286
322,1287
323,1288
325,1289
326,1290
327,1291
328,1292
329,1293
330,1294
331,1295
332,1296
333,1297
334,1298
337,1299
338,1300
339,1301
340,1302
341,1303
342,1304
343,1305
344,1306
345,1307
346,1308
348,1309
349,1310
350,1311
351,1312
352,1313
353,1314
354,1315
355,1316
356,1317
357,1318
359,1319
360,1320
361,1321
362,1322
363,1323
364,1324
365,1325
366,1326
367,1327
368,1328
370,1329
371,1330
372,1331
373,1332
374,1333
375,1334
376,1335
377,1336
378,1337
379,1338
381,1339
382,1340
383,1341
384,1342
385,1343
386,1344
387,1345
388,1346
389,1347
390,1348
392,1349
393,1350
394,1351
395,1352
396,1353
397,1354
398,1355
399,1356
400,1357
401,1358
403,1359
404,1360
405,1361
406,1362
407,1363
408,1364
409,1365
410,1366
411,1367
412,1368
414,1369
415,1370
416,1371
417,1372
418,1373
419,1374
420,1375
421,1376
422,1377
423,1378
425,1379
426,1380
427,1381
428,1382
429,1383
430,1384
431,1385
432,1386
433,1387
434,1388
436,1389
437,1390
438,1391
439,1392
440,1393
441,1394
442,1395
443,1396
444,1397
445,1398
448,1399
449,1400
450,1401
451,1402
452,1403
453,1404
454,1405
455,1406
456,1407
457,1408
459,1409
460,1410
461,1411
462,1412
463,1413
464,1414
465,1415
466,1416
467,1417
468,1418
470,1419
471,1420
472,1421
473,1422
474,1423
475,1424
476,1425
477,1426
478,1427
479,1428
481,1429
482,1430
483,1431
484,1432
485,1433
486,1434
487,1435
488,1436
489,1437
490,1438
492,1439
493,1440
494,1441
495,1442
496,1443
497,1444
498,1445
499,1446
500,1447
501,1448
503,1449
504,1450
505,1451
506,1452
507,1453
508,1454
509,1455
510,1456
511,1457
512,1458
514,1459
515,1460
516,1461
517,1462
518,1463
519,1464
520,1465
521,1466
522,1467
523,1468
525,1469
526,1470
527,1471
528,1472
529,1473
530,1474
531,1475
532,1476
533,1477
534,1478
536,1479
537,1480
538,1481
539,1482
540,1483
541,1484
542,1485
543,1486
544,1487
545,1488
547,1489
548,1490
549,1491
550,1492
551,1493
552,1494
553,1495
554,1496
555,1497
556,1498
559,1499
560,1500
561,1501
562,1502
563,1503
564,1504
565,1505
566,1506
567,1507
568,1508
570,1509
571,1510
572,1511
573,1512
574,1513
575,1514
576,1515
577,1516
578,1517
579,1518
581,1519
582,1520
583,1521
584,1522
585,1523
586,1524
587,1525
588,1526
589,1527
590,1528
592,1529
593,1530
594,1531
595,1532
596,1533
597,1534
598,1535
599,1536
600,1537
601,1538
603,1539
604,1540
605,1541
606,1542
607,1543
608,1544
609,1545
610,1546
611,1547
612,1548
614,1549
615,1550
616,1551
617,1552
618,1553
619,1554
620,1555
621,1556
622,1557
623,1558
625,1559
626,1560
627,1561
628,1562
629,1563
630,1564
631,1565
632,1566
633,1567
634,1568
636,1569
637,1570
638,1571
639,1572
640,1573
641,1574
642,1575
643,1576
644,1577
645,1578
647,1579
648,1580
649,1581
650,1582
651,1583
652,1584
653,1585
654,1586
655,1587
656,1588
658,1589
659,1590
660,1591
661,1592
662,1593
663,1594
664,1595
665,1596
666,1597
667,1598
670,1599
671,1600
672,1601
673,1602
674,1603
675,1604
676,1605
677,1606
678,1607
679,1608
681,1609
682,1610
683,1611
684,1612
685,1613
686,1614
687,1615
688,1616
689,1617
690,1618
692,1619
693,1620
694,1621
695,1622
696,1623
697,1624
698,1625
699,1626
700,1627
701,1628
703,1629
704,1630
705,1631
706,1632
707,1633
708,1634
709,1635
710,1636
711,1637
712,1638
714,1639
715,1640
716,1641
717,1642
718,1643
719,1644
720,1645
721,1646
722,1647
723,1648
725,1649
726,1650
727,1651
728,1652
729,1653
730,1654
731,1655
732,1656
733,1657
734,1658
736,1659
737,1660
738,1661
739,1662
740,1663
741,1664
742,1665
743,1666
744,1667
745,1668
747,1669
748,1670
749,1671
750,1672
751,1673
752,1674
753,1675
754,1676
755,1677
756,1678
758,1679
759,1680
760,1681
761,1682
762,1683
763,1684
764,1685
765,1686
766,1687
767,1688
769,1689
770,1690
771,1691
772,1692
773,1693
774,1694
775,1695
776,1696
777,1697
778,1698
781,1699
782,1700
783,1701
784,1702
785,1703
786,1704
787,1705
788,1706
789,1707
790,1708
792,1709
793,1710
794,1711
795,1712
796,1713
797,1714
798,1715
799,1716
800,1717
801,1718
803,1719
804,1720
805,1721
806,1722
807,1723
808,1724
809,1725
810,1726
811,1727
812,1728
814,1729
815,1730
816,1731
817,1732
818,1733
819,1734
820,1735
821,1736
822,1737
823,1738
825,1739
826,1740
827,1741
828,1742
829,1743
830,1744
831,1745
832,1746
833,1747
834,1748
836,1749
837,1750
838,1751
839,1752
840,1753
841,1754
842,1755
843,1756
844,1757
845,1758
847,1759
848,1760
849,1761
850,1762
851,1763
852,1764
853,1765
854,1766
855,1767
856,1768
858,1769
859,1770
860,1771
861,1772
862,1773
863,1774
864,1775
865,1776
866,1777
867,1778
869,1779
870,1780
871,1781
872,1782
873,1783
874,1784
875,1785
876,1786
877,1787
878,1788
880,1789
881,1790
882,1791
883,1792
884,1793
885,1794
886,1795
887,1796
888,1797
889,1798
892,1799
893,1800
894,1801
895,1802
896,1803
897,1804
898,1805
899,1806
900,1807
901,1808
903,1809
904,1810
905,1811
906,1812
907,1813
908,1814
909,1815
910,1816
911,1817
912,1818
914,1819
915,1820
916,1821
917,1822
918,1823
919,1824
920,1825
921,1826
922,1827
923,1828
925,1829
926,1830
927,1831
928,1832
929,1833
930,1834
931,1835
932,1836
933,1837
934,1838
936,1839
937,1840
938,1841
939,1842
940,1843
941,1844
942,1845
943,1846
944,1847
945,1848
947,1849
948,1850
949,1851
950,1852
951,1853
952,1854
953,1855
954,1856
955,1857
956,1858
958,1859
959,1860
960,1861
961,1862
962,1863
963,1864
964,1865
965,1866
966,1867
967,1868
969,1869
970,1870
971,1871
972,1872
973,1873
974,1874
975,1875
976,1876
977,1877
978,1878
980,1879
981,1880
982,1881
983,1882
984,1883
985,1884
986,1885
987,1886
988,1887
989,1888
991,1889
992,1890
993,1891
994,1892
995,1893
996,1894
997,1895
998,1896
999,1897
1000,1898
1003,1899
1004,1900
1005,1901
1006,1902
1007,1903
1008,1904
1009,1905
1010,1906
1011,1907
1012,1908
1014,1909
1015,1910
1016,1911
1017,1912
1018,1913
1019,1914
1020,1915
1021,1916
1022,1917
1023,1918
1025,1919
1026,1920
1027,1921
1028,1922
1029,1923
1030,1924
1031,1925
1032,1926
1033,1927
1034,1928
1036,1929
1037,1930
1038,1931
1039,1932
1040,1933
1041,1934
1042,1935
1043,1936
1044,1937
1045,1938
1047,1939
1048,1940
1049,1941
1050,1942
1051,1943
1052,1944
1053,1945
1054,1946
1055,1947
1056,1948
1058,1949
1059,1950
1060,1951
1061,1952
1062,1953
1063,1954
1064,1955
1065,1956
1066,1957
1067,1958
1069,1959
1070,1960
1071,1961
1072,1962
1073,1963
1074,1964
1075,1965
1076,1966
1077,1967
1078,1968
1080,1969
1081,1970
1082,1971
1083,1972
1084,1973
1085,1974
1086,1975
1087,1976
1088,1977
1089,1978
1091,1979
1092,1980
1093,1981
1094,1982
1095,1983
1096,1984
1097,1985
1098,1986
1099,1987
1100,1988
1102,1989
1103,1990
1104,1991
1105,1992
1106,1993
1107,1994
1108,1995
1109,1996
1110,1997
1111,1998
1115,1999
1116,2000
1117,2001
1118,2002
1119,2003
1120,2004
1121,2005
1122,2006
1123,2007
1124,2008
1126,2009
1127,2010
1128,2011
1129,2012
1130,2013
1131,2014
1132,2015
1133,2016
1134,2017
1135,2018
1137,2019
1138,2020
1139,2021
1140,2022
1141,2023
1142,2024
1143,2025
1144,2026
1145,2027
1146,2028
1148,2029
1149,2030
1150,2031
1151,2032
1152,2033
1153,2034
1154,2035
1155,2036
1156,2037
1157,2038
1159,2039
1160,2040
1161,2041
1162,2042
1163,2043
1164,2044
1165,2045
1166,2046
1167,2047
1168,2048
1170,2049
1171,2050
1172,2051
1173,2052
1174,2053
1175,2054
1176,2055
1177,2056
1178,2057
1179,2058
1181,2059
1182,2060
1183,2061
1184,2062
1185,2063
1186,2064
1187,2065
1188,2066
1189,2067
1190,2068
1192,2069
1193,2070
1194,2071
1195,2072
1196,2073
1197,2074
1198,2075
1199,2076
1200,2077
1201,2078
1203,2079
1204,2080
1205,2081
1206,2082
1207,2083
1208,2084
1209,2085
1210,2086
1211,2087
1212,2088
1214,2089
1215,2090
1216,2091
1217,2092
1218,2093
1219,2094
1220,2095
1221,2096
1222,2097
1223,2098
1226,2099
1227,2100
1228,2101
1229,2102
1230,2103
1231,2104
1232,2105
1233,2106
1234,2107
1235,2108
1237,2109
1238,2110
1239,2111
1240,2112
1241,2113
1242,2114
1243,2115
1244,2116
1245,2117
1246,2118
1248,2119
1249,2120
1250,2121
1251,2122
1252,2123
1253,2124
1254,2125
1255,2126
1256,2127
1257,2128
1259,2129
1260,2130
1261,2131
1262,2132
1263,2133
1264,2134
1265,2135
1266,2136
1267,2137
1268,2138
1270,2139
1271,2140
1272,2141
1273,2142
1274,2143
1275,2144
1276,2145
1277,2146
1278,2147
1279,2148
1281,2149
1282,2150
1283,2151
1284,2152
1285,2153
1286,2154
1287,2155
1288,2156
1289,2157
1290,2158
1292,2159
1293,2160
1294,2161
1295,2162
1296,2163
1297,2164
1298,2165
1299,2166
1300,2167
1301,2168
1303,2169
1304,2170
1305,2171
1306,2172
1307,2173
1308,2174
1309,2175
1310,2176
1311,2177
1312,2178
1314,2179
1315,2180
1316,2181
1317,2182
1318,2183
1319,2184
1320,2185
1321,2186
1322,2187
1323,2188
1325,2189
1326,2190
1327,2191
1328,2192
1329,2193
1330,2194
1331,2195
1332,2196
1333,2197
1334,2198
1337,2199
1338,2200
1339,2201
1340,2202
1341,2203
1342,2204
1343,2205
1344,2206
1345,2207
1346,2208
1348,2209
1349,2210
1350,2211
1351,2212
1352,2213
1353,2214
1354,2215
1355,2216
1356,2217
1357,2218
1359,2219
1360,2220
1361,2221
1362,2222
1363,2223
1364,2224
1365,2225
1366,2226
1367,2227
1368,2228
1370,2229
1371,2230
1372,2231
1373,2232
1374,2233
1375,2234
1376,2235
1377,2236
1378,2237
1379,2238
1381,2239
1382,2240
1383,2241
1384,2242
1385,2243
1386,2244
1387,2245
1388,2246
1389,2247
1390,2248
1392,2249
1393,2250
1394,2251
1395,2252
1396,2253
1397,2254
1398,2255
1399,2256
1400,2257
1401,2258
1403,2259
1404,2260
1405,2261
1406,2262
1407,2263
1408,2264
1409,2265
1410,2266
1411,2267
1412,2268
1414,2269
1415,2270
1416,2271
1417,2272
1418,2273
1419,2274
1420,2275
1421,2276
1422,2277
1423,2278
1425,2279
1426,2280
1427,2281
1428,2282
1429,2283
1430,2284
1431,2285
1432,2286
1433,2287
1434,2288
1436,2289
1437,2290
1438,2291
1439,2292
1440,2293
1441,2294
1442,2295
1443,2296
1444,2297
1445,2298
1448,2299
1449,2300
1450,2301
1451,2302
1452,2303
1453,2304
1454,2305
1455,2306
1456,2307
1457,2308
1459,2309
1460,2310
1461,2311
1462,2312
1463,2313
1464,2314
1465,2315
1466,2316
1467,2317
1468,2318
1470,2319
1471,2320
1472,2321
1473,2322
1474,2323
1475,2324
1476,2325
1477,2326
1478,2327
1479,2328
1481,2329
1482,2330
1483,2331
1484,2332
1485,2333
1486,2334
1487,2335
1488,2336
1489,2337
1490,2338
1492,2339
1493,2340
1494,2341
1495,2342
1496,2343
1497,2344
1498,2345
1499,2346
1500,2347
1501,2348
1503,2349
1504,2350
1505,2351
1506,2352
1507,2353
1508,2354
1509,2355
1510,2356
1511,2357
1512,2358
1514,2359
1515,2360
1516,2361
1517,2362
1518,2363
1519,2364
1520,2365
1521,2366
1522,2367
1523,2368
1525,2369
1526,2370
1527,2371
1528,2372
1529,2373
1530,2374
1531,2375
1532,2376
1533,2377
1534,2378
1536,2379
1537,2380
1538,2381
1539,2382
1540,2383
1541,2384
1542,2385
1543,2386
1544,2387
1545,2388
1547,2389
1548,2390
1549,2391
1550,2392
1551,2393
1552,2394
1553,2395
1554,2396
1555,2397
1556,2398
1559,2399
1560,2400
1561,2401
1562,2402
1563,2403
1564,2404
1565,2405
1566,2406
1567,2407
1568,2408
1570,2409
1571,2410
1572,2411
1573,2412
1574,2413
1575,2414
1576,2415
1577,2416
1578,2417
1579,2418
1581,2419
1582,2420
1583,2421
1584,2422
1585,2423
1586,2424
1587,2425
1588,2426
1589,2427
1590,2428
1592,2429
1593,2430
1594,2431
1595,2432
1596,2433
1597,2434
1598,2435
1599,2436
1600,2437
1601,2438
1603,2439
1604,2440
1605,2441
1606,2442
1607,2443
1608,2444
1609,2445
1610,2446
1611,2447
1612,2448
1614,2449
1615,2450
1616,2451
1617,2452
1618,2453
1619,2454
1620,2455
1621,2456
1622,2457
1623,2458
1625,2459
1626,2460
1627,2461
1628,2462
1629,2463
1630,2464
1631,2465
1632,2466
1633,2467
1634,2468
1636,2469
1637,2470
1638,2471
1639,2472
1640,2473
1641,2474
1642,2475
1643,2476
1644,2477
1645,2478
1647,2479
1648,2480
1649,2481
1650,2482
1651,2483
1652,2484
1653,2485
1654,2486
1655,2487
1656,2488
1658,2489
1659,2490
1660,2491
1661,2492
1662,2493
1663,2494
1664,2495
1665,2496
1666,2497
1667,2498
1670,2499
1671,2500
1672,2501
1673,2502
1674,2503
1675,2504
1676,2505
1677,2506
1678,2507
1679,2508
1681,2509
1682,2510
1683,2511
1684,2512
1685,2513
1686,2514
1687,2515
1688,2516
1689,2517
1690,2518
1692,2519
1693,2520
1694,2521
1695,2522
1696,2523
1697,2524
1698,2525
1699,2526
1700,2527
1701,2528
1703,2529
1704,2530
1705,2531
1706,2532
1707,2533
1708,2534
1709,2535
1710,2536
1711,2537
1712,2538
1714,2539
1715,2540
1716,2541
1717,2542
1718,2543
1719,2544
1720,2545
1721,2546
1722,2547
1723,2548
1725,2549
1726,2550
1727,2551
1728,2552
1729,2553
1730,2554
1731,2555
1732,2556
1733,2557
1734,2558
1736,2559
1737,2560
1738,2561
1739,2562
1740,2563
1741,2564
1742,2565
1743,2566
1744,2567
1745,2568
1747,2569
1748,2570
1749,2571
1750,2572
1751,2573
1752,2574
1753,2575
1754,2576
1755,2577
1756,2578
1758,2579
1759,2580
1760,2581
1761,2582
1762,2583
1763,2584
1764,2585
1765,2586
1766,2587
1767,2588
1769,2589
1770,2590
1771,2591
1772,2592
1773,2593
1774,2594
1775,2595
1776,2596
1777,2597
1778,2598
1781,2599
1782,2600
1783,2601
1784,2602
1785,2603
1786,2604
1787,2605
1788,2606
1789,2607
1790,2608
1792,2609
1793,2610
1794,2611
1795,2612
1796,2613
1797,2614
1798,2615
1799,2616
1800,2617
1801,2618
1803,2619
1804,2620
1805,2621
1806,2622
1807,2623
1808,2624
1809,2625
1810,2626
1811,2627
1812,2628
1814,2629
1815,2630
1816,2631
1817,2632
1818,2633
1819,2634
1820,2635
1821,2636
1822,2637
1823,2638
1825,2639
1826,2640
1827,2641
1828,2642
1829,2643
1830,2644
1831,2645
1832,2646
1833,2647
1834,2648
1836,2649
1837,2650
1838,2651
1839,2652
1840,2653
1841,2654
1842,2655
1843,2656
1844,2657
1845,2658
1847,2659
1848,2660
1849,2661
1850,2662
1851,2663
1852,2664
1853,2665
1854,2666
1855,2667
1856,2668
1858,2669
1859,2670
1860,2671
1861,2672
1862,2673
1863,2674
1864,2675
1865,2676
1866,2677
1867,2678
1869,2679
1870,2680
1871,2681
1872,2682
1873,2683
1874,2684
1875,2685
1876,2686
1877,2687
1878,2688
1880,2689
1881,2690
1882,2691
1883,2692
1884,2693
1885,2694
1886,2695
1887,2696
1888,2697
1889,2698
1892,2699
1893,2700
1894,2701
1895,2702
1896,2703
1897,2704
1898,2705
1899,2706
1900,2707
1901,2708
1903,2709
1904,2710
1905,2711
1906,2712
1907,2713
1908,2714
1909,2715
1910,2716
1911,2717
1912,2718
1914,2719
1915,2720
1916,2721
1917,2722
1918,2723
1919,2724
1920,2725
1921,2726
1922,2727
1923,2728
1925,2729
1926,2730
1927,2731
1928,2732
1929,2733
1930,2734
1931,2735
1932,2736
1933,2737
1934,2738
1936,2739
1937,2740
1938,2741
1939,2742
1940,2743
1941,2744
1942,2745
1943,2746
1944,2747
1945,2748
1947,2749
1948,2750
1949,2751
1950,2752
1951,2753
1952,2754
1953,2755
1954,2756
1955,2757
1956,2758
1958,2759
1959,2760
1960,2761
1961,2762
1962,2763
1963,2764
1964,2765
1965,2766
1966,2767
1967,2768
1969,2769
1970,2770
1971,2771
1972,2772
1973,2773
1974,2774
1975,2775
1976,2776
1977,2777
1978,2778
1980,2779
1981,2780
1982,2781
1983,2782
1984,2783
1985,2784
1986,2785
1987,2786
1988,2787
1989,2788
1991,2789
1992,2790
1993,2791
1994,2792
1995,2793
1996,2794
1997,2795
1998,2796
1999,2797
2000,2798
2003,2799
2004,2800
2005,2801
2006,2802
2007,2803
2008,2804
2009,2805
2010,2806
2011,2807
2012,2808
2014,2809
2015,2810
2016,2811
2017,2812
2018,2813
2019,2814
2020,2815
2021,2816
2022,2817
2023,2818
2025,2819
2026,2820
2027,2821
2028,2822
2029,2823
2030,2824
2031,2825
2032,2826
2033,2827
2034,2828
2036,2829
2037,2830
2038,2831
2039,2832
2040,2833
2041,2834
2042,2835
2043,2836
2044,2837
2045,2838
2047,2839
2048,2840
2049,2841
2050,2842
2051,2843
2052,2844
2053,2845
2054,2846
2055,2847
2056,2848
2058,2849
2059,2850
2060,2851
2061,2852
2062,2853
2063,2854
2064,2855
2065,2856
2066,2857
2067,2858
2069,2859
2070,2860
2071,2861
2072,2862
2073,2863
2074,2864
2075,2865
2076,2866
2077,2867
2078,2868
2080,2869
2081,2870
2082,2871
2083,2872
2084,2873
2085,2874
2086,2875
2087,2876
2088,2877
2089,2878
2091,2879
2092,2880
2093,2881
2094,2882
2095,2883
2096,2884
2097,2885
2098,2886
2099,2887
2100,2888
2102,2889
2103,2890
2104,2891
2105,2892
2106,2893
2107,2894
2108,2895
2109,2896
2110,2897
2111,2898
2114,2899
2115,2900
2116,2901
2117,2902
2118,2903
2119,2904
2120,2905
2121,2906
2122,2907
2123,2908
2125,2909
2126,2910
2127,2911
2128,2912
2129,2913
2130,2914
2131,2915
2132,2916
2133,2917
2134,2918
2136,2919
2137,2920
2138,2921
2139,2922
2140,2923
2141,2924
2142,2925
2143,2926
2144,2927
2145,2928
2147,2929
2148,2930
2149,2931
2150,2932
2151,2933
2152,2934
2153,2935
2154,2936
2155,2937
2156,2938
2158,2939
2159,2940
2160,2941
2161,2942
2162,2943
2163,2944
2164,2945
2165,2946
2166,2947
2168,2948
2169,2949
2170,2950
2171,2951
2172,2952
2173,2953
2174,2954
2175,2955
2176,2956
2177,2957
2179,2958
2180,2959
2181,2960
2182,2961
2183,2962
2184,2963
2185,2964
2186,2965
2187,2966
2188,2967
2190,2968
2191,2969
2192,2970
2193,2971
2194,2972
2195,2973
2196,2974
2197,2975
2198,2976
2199,2977
2201,2978
2202,2979
2203,2980
2204,2981
2205,2982
2206,2983
2207,2984
2208,2985
2209,2986
2210,2987
2212,2988
2213,2989
2214,2990
2215,2991
2216,2992
2217,2993
2218,2994
2219,2995
2220,2996
2221,2997
2225,2998
2226,2999
2227,3000
2228,3001
2229,3002
2230,3003
2231,3004
2232,3005
2233,3006
2234,3007
2236,3008
2237,3009
2238,3010
2239,3011
2240,3012
2241,3013
2242,3014
2243,3015
2244,3016
2245,3017
2247,3018
2248,3019
2249,3020
2250,3021
2251,3022
2252,3023
2253,3024
2254,3025
2255,3026
2256,3027
2258,3028
2259,3029
2260,3030
2261,3031
2262,3032
2263,3033
2264,3034
2265,3035
2266,3036
2267,3037
2269,3038
2270,3039
2271,3040
2272,3041
2273,3042
2274,3043
2275,3044
2276,3045
2277,3046
2278,3047
2280,3048
2281,3049
2282,3050
2283,3051
2284,3052
2285,3053
2286,3054
2287,3055
2288,3056
2289,3057
2291,3058
2292,3059
2293,3060
2294,3061
2295,3062
2296,3063
2297,3064
2298,3065
2299,3066
2300,3067
2302,3068
2303,3069
2304,3070
2305,3071
2306,3072
2307,3073
2308,3074
2309,3075
2310,3076
2311,3077
2313,3078
2314,3079
2315,3080
2316,3081
2317,3082
2318,3083
2319,3084
2320,3085
2321,3086
2322,3087
2324,3088
2325,3089
2326,3090
2327,3091
2328,3092
2329,3093
2330,3094
2331,3095
2332,3096
2333,3097
2336,3098
2337,3099
2338,3100
2339,3101
2340,3102
2341,3103
2342,3104
2343,3105
2344,3106
2345,3107
2347,3108
2348,3109
2349,3110
2350,3111
2351,3112
2352,3113
2353,3114
2354,3115
2355,3116
2356,3117
2358,3118
2359,3119
2360,3120
2361,3121
2362,3122
2363,3123
2364,3124
2365,3125
2366,3126
2367,3127
2369,3128
2370,3129
2371,3130
2372,3131
2373,3132
2374,3133
2375,3134
2376,3135
2377,3136
2378,3137
2380,3138
2381,3139
2382,3140
2383,3141
2384,3142
2385,3143
2386,3144
2387,3145
2388,3146
2389,3147
2391,3148
2392,3149
2393,3150
2394,3151
2395,3152
2396,3153
2397,3154
2398,3155
2399,3156
2400,3157
2402,3158
2403,3159
2404,3160
2405,3161
2406,3162
2407,3163
2408,3164
2409,3165
2410,3166
2411,3167
2413,3168
2414,3169
2415,3170
2416,3171
2417,3172
2418,3173
2419,3174
2420,3175
2421,3176
2422,3177
2424,3178
2425,3179
2426,3180
2427,3181
2428,3182
2429,3183
2430,3184
2431,3185
2432,3186
2433,3187
2435,3188
2436,3189
2437,3190
2438,3191
2439,3192
2440,3193
2441,3194
2442,3195
2443,3196
2444,3197
2447,3198
2448,3199
2449,3200
2450,3201
2451,3202
2452,3203
2453,3204
2454,3205
2455,3206
2456,3207
2458,3208
2459,3209
2460,3210
2461,3211
2462,3212
2463,3213
2464,3214
2465,3215
2466,3216
2467,3217
2469,3218
2470,3219
2471,3220
2472,3221
2473,3222
2474,3223
2475,3224
2476,3225
2477,3226
2478,3227
2480,3228
2481,3229
2482,3230
2483,3231
2484,3232
2485,3233
2486,3234
2487,3235
2488,3236
2489,3237
2491,3238
2492,3239
2493,3240
2494,3241
2495,3242
2496,3243
2497,3244
2498,3245
2499,3246
2500,3247
2502,3248
2503,3249
2504,3250
2505,3251
2506,3252
2507,3253
2508,3254
2509,3255
2510,3256
2511,3257
2513,3258
2514,3259
2515,3260
2516,3261
2517,3262
2518,3263
2519,3264
2520,3265
2521,3266
2522,3267
2524,3268
2525,3269
2526,3270
2527,3271
2528,3272
2529,3273
2530,3274
2531,3275
2532,3276
2533,3277
2535,3278
2536,3279
2537,3280
2538,3281
2539,3282
2540,3283
2541,3284
2542,3285
2543,3286
2544,3287
2546,3288
2547,3289
2548,3290
2549,3291
2550,3292
2551,3293
2552,3294
2553,3295
2554,3296
2555,3297
2558,3298
2559,3299
2560,3300
2561,3301
2562,3302
2563,3303
2564,3304
2565,3305
2566,3306
2567,3307
2569,3308
2570,3309
2571,3310
2572,3311
2573,3312
2574,3313
2575,3314
2576,3315
2577,3316
2578,3317
2580,3318
2581,3319
2582,3320
2583,3321
2584,3322
2585,3323
2586,3324
2587,3325
2588,3326
2589,3327
2591,3328
2592,3329
2593,3330
2594,3331
2595,3332
2596,3333
2597,3334
2598,3335
2599,3336
2600,3337
2602,3338
2603,3339
2604,3340
2605,3341
2606,3342
2607,3343
2608,3344
2609,3345
2610,3346
2611,3347
2613,3348
2614,3349
2615,3350
2616,3351
2617,3352
2618,3353
2619,3354
2620,3355
2621,3356
2622,3357
2624,3358
2625,3359
2626,3360
2627,3361
2628,3362
2629,3363
2630,3364
2631,3365
2632,3366
2633,3367
2635,3368
2636,3369
2637,3370
2638,3371
2639,3372
2640,3373
2641,3374
2642,3375
2643,3376
2644,3377
2646,3378
2647,3379
2648,3380
2649,3381
2650,3382
2651,3383
2652,3384
2653,3385
2654,3386
2655,3387
2657,3388
2658,3389
2659,3390
2660,3391
2661,3392
2662,3393
2663,3394
2664,3395
2665,3396
2666,3397
2669,3398
2670,3399
2671,3400
2672,3401
2673,3402
2674,3403
2675,3404
2676,3405
2677,3406
2678,3407
2680,3408
2681,3409
2682,3410
2683,3411
2684,3412
2685,3413
2686,3414
2687,3415
2688,3416
2689,3417
2691,3418
2692,3419
2693,3420
2694,3421
2695,3422
2696,3423
2697,3424
2698,3425
2699,3426
2700,3427
2702,3428
2703,3429
2704,3430
2705,3431
2706,3432
2707,3433
2708,3434
2709,3435
2710,3436
2711,3437
2713,3438
2714,3439
2715,3440
2716,3441
2717,3442
2718,3443
2719,3444
2720,3445
2721,3446
2722,3447
2724,3448
2725,3449
2726,3450
2727,3451
2728,3452
2729,3453
2730,3454
2731,3455
2732,3456
2733,3457
2735,3458
2736,3459
2737,3460
2738,3461
2739,3462
2740,3463
2741,3464
2742,3465
2743,3466
2744,3467
2746,3468
2747,3469
2748,3470
2749,3471
2750,3472
2751,3473
2752,3474
2753,3475
2754,3476
2755,3477
2757,3478
2758,3479
2759,3480
2760,3481
2761,3482
2762,3483
2763,3484
2764,3485
2765,3486
2766,3487
2768,3488
2769,3489
2770,3490
2771,3491
2772,3492
2773,3493
2774,3494
2775,3495
2776,3496
2777,3497
2780,3498
2781,3499
2782,3500
2783,3501
2784,3502
2785,3503
2786,3504
2787,3505
2788,3506
2789,3507
2791,3508
2792,3509
2793,3510
2794,3511
2795,3512
2796,3513
2797,3514
2798,3515
2799,3516
2800,3517
2802,3518
2803,3519
2804,3520
2805,3521
2806,3522
2807,3523
2808,3524
2809,3525
2810,3526
2811,3527
2813,3528
2814,3529
2815,3530
2816,3531
2817,3532
2818,3533
2819,3534
2820,3535
2821,3536
2822,3537
2824,3538
2825,3539
2826,3540
2827,3541
2828,3542
2829,3543
2830,3544
2831,3545
2832,3546
2833,3547
2835,3548
2836,3549
2837,3550
2838,3551
2839,3552
2840,3553
2841,3554
2842,3555
2843,3556
2844,3557
2846,3558
2847,3559
2848,3560
2849,3561
2850,3562
2851,3563
2852,3564
2853,3565
2854,3566
2855,3567
2857,3568
2858,3569
2859,3570
2860,3571
2861,3572
2862,3573
2863,3574
2864,3575
2865,3576
2866,3577
2868,3578
2869,3579
2870,3580
2871,3581
2872,3582
2873,3583
2874,3584
2875,3585
2876,3586
2877,3587
2879,3588
2880,3589
2881,3590
2882,3591
2883,3592
2884,3593
2885,3594
2886,3595
2887,3596
2890,3597
2891,3598
2892,3599
2893,3600
2894,3601
2895,3602
2896,3603
2897,3604
2898,3605
2899,3606
2901,3607
2902,3608
2903,3609
2904,3610
2905,3611
2906,3612
2907,3613
2908,3614
2909,3615
2910,3616
2912,3617
2913,3618
2914,3619
2915,3620
2916,3621
2917,3622
2918,3623
2919,3624
2920,3625
2921,3626
2923,3627
2924,3628
2925,3629
2926,3630
2927,3631
2928,3632
2929,3633
2930,3634
2931,3635
2932,3636
2934,3637
2935,3638
2936,3639
2937,3640
2938,3641
2939,3642
2940,3643
2941,3644
2942,3645
2943,3646
2945,3647
2946,3648
2947,3649
2948,3650
2949,3651
2950,3652
2951,3653
2952,3654
2953,3655
2954,3656
2956,3657
2957,3658
2958,3659
2959,3660
2960,3661
2961,3662
2962,3663
2963,3664
2964,3665
2965,3666
2967,3667
2968,3668
2969,3669
2970,3670
2971,3671
2972,3672
2973,3673
2974,3674
2975,3675
2976,3676
2978,3677
2979,3678
2980,3679
2981,3680
2982,3681
2983,3682
2984,3683
2985,3684
2986,3685
2987,3686
2989,3687
2990,3688
2991,3689
2992,3690
2993,3691
2994,3692
2995,3693
2996,3694
2997,3695
2998,3696
3001,3697
3002,3698
3003,3699
3004,3700
3005,3701
3006,3702
3007,3703
3008,3704
3009,3705
3010,3706
3012,3707
3013,3708
3014,3709
3015,3710
3016,3711
3017,3712
3018,3713
3019,3714
3020,3715
3021,3716
3023,3717
3024,3718
3025,3719
3026,3720
3027,3721
3028,3722
3029,3723
3030,3724
3031,3725
3032,3726
3034,3727
3035,3728
3036,3729
3037,3730
3038,3731
3039,3732
3040,3733
3041,3734
3042,3735
3043,3736
3045,3737
3046,3738
3047,3739
3048,3740
3049,3741
3050,3742
3051,3743
3052,3744
3053,3745
3054,3746
3056,3747
3057,3748
3058,3749
3059,3750
3060,3751
3061,3752
3062,3753
3063,3754
3064,3755
3065,3756
3067,3757
3068,3758
3069,3759
3070,3760
3071,3761
3072,3762
3073,3763
3074,3764
3075,3765
3076,3766
3078,3767
3079,3768
3080,3769
3081,3770
3082,3771
3083,3772
3084,3773
3085,3774
3086,3775
3087,3776
3089,3777
3090,3778
3091,3779
3092,3780
3093,3781
3094,3782
3095,3783
3096,3784
3097,3785
3098,3786
3100,3787
3101,3788
3102,3789
3103,3790
3104,3791
3105,3792
3106,3793
3107,3794
3108,3795
3109,3796
3112,3797
3113,3798
3114,3799
3115,3800
3116,3801
3117,3802
3118,3803
3119,3804
3120,3805
3121,3806
3123,3807
3124,3808
3125,3809
3126,3810
3127,3811
3128,3812
3129,3813
3130,3814
3131,3815
3132,3816
3134,3817
3135,3818
3136,3819
3137,3820
3138,3821
3139,3822
3140,3823
3141,3824
3142,3825
3143,3826
3145,3827
3146,3828
3147,3829
3148,3830
3149,3831
3150,3832
3151,3833
3152,3834
3153,3835
3154,3836
3156,3837
3157,3838
3158,3839
3159,3840
3160,3841
3161,3842
3162,3843
3163,3844
3164,3845
3165,3846
3167,3847
3168,3848
3169,3849
3170,3850
3171,3851
3172,3852
3173,3853
3174,3854
3175,3855
3176,3856
3178,3857
3179,3858
3180,3859
3181,3860
3182,3861
3183,3862
3184,3863
3185,3864
3186,3865
3187,3866
3189,3867
3190,3868
3191,3869
3192,3870
3193,3871
3194,3872
3195,3873
3196,3874
3197,3875
3198,3876
3200,3877
3201,3878
3202,3879
3203,3880
3204,3881
3205,3882
3206,3883
3207,3884
3208,3885
3209,3886
3211,3887
3212,3888
3213,3889
3214,3890
3215,3891
3216,3892
3217,3893
3218,3894
3219,3895
3220,3896
3223,3897
3224,3898
3225,3899
3226,3900
3227,3901
3228,3902
3229,3903
3230,3904
3231,3905
3232,3906
3234,3907
3235,3908
3236,3909
3237,3910
3238,3911
3239,3912
3240,3913
3241,3914
3242,3915
3243,3916
3245,3917
3246,3918
3247,3919
3248,3920
3249,3921
3250,3922
3251,3923
3252,3924
3253,3925
3254,3926
3256,3927
3257,3928
3258,3929
3259,3930
3260,3931
3261,3932
3262,3933
3263,3934
3264,3935
3265,3936
3267,3937
3268,3938
3269,3939
3270,3940
3271,3941
3272,3942
3273,3943
3274,3944
3275,3945
3276,3946
3278,3947
3279,3948
3280,3949
3281,3950
3282,3951
3283,3952
3284,3953
3285,3954
3286,3955
3287,3956
3289,3957
3290,3958
3291,3959
3292,3960
3293,3961
3294,3962
3295,3963
3296,3964
3297,3965
3298,3966
3300,3967
3301,3968
3302,3969
3303,3970
3304,3971
3305,3972
3306,3973
3307,3974
3308,3975
3309,3976
3311,3977
3312,3978
3313,3979
3314,3980
3315,3981
3316,3982
3317,3983
3318,3984
3319,3985
3320,3986
3322,3987
3323,3988
3324,3989
3325,3990
3326,3991
3327,3992
3328,3993
3329,3994
3330,3995
3331,3996
3335,3997
3336,3998
3337,3999
3338,4000
3339,4001
3340,4002
3341,4003
3342,4004
3343,4005
3344,4006
3346,4007
3347,4008
3348,4009
3349,4010
3350,4011
3351,4012
3352,4013
3353,4014
3354,4015
3355,4016
3357,4017
3358,4018
3359,4019
3360,4020
3361,4021
3362,4022
3363,4023
3364,4024
3365,4025
3366,4026
3368,4027
3369,4028
3370,4029
3371,4030
3372,4031
3373,4032
3374,4033
3375,4034
3376,4035
3377,4036
3379,4037
3380,4038
3381,4039
3382,4040
3383,4041
3384,4042
3385,4043
3386,4044
3387,4045
3388,4046
3390,4047
3391,4048
3392,4049
3393,4050
3394,4051
3395,4052
3396,4053
3397,4054
3398,4055
3399,4056
3401,4057
3402,4058
3403,4059
3404,4060
3405,4061
3406,4062
3407,4063
3408,4064
3409,4065
3410,4066
3412,4067
3413,4068
3414,4069
3415,4070
3416,4071
3417,4072
3418,4073
3419,4074
3420,4075
3421,4076
3423,4077
3424,4078
3425,4079
3426,4080
3427,4081
3428,4082
3429,4083
3430,4084
3431,4085
3432,4086
3434,4087
3435,4088
3436,4089
3437,4090
3438,4091
3439,4092
3440,4093
3441,4094
3442,4095
3443,4096
3446,4097
3447,4098
3448,4099
3449,4100
3450,4101
3451,4102
3452,4103
3453,4104
3454,4105
3455,4106
3457,4107
3458,4108
3459,4109
3460,4110
3461,4111
3462,4112
3463,4113
3464,4114
3465,4115
3466,4116
3468,4117
3469,4118
3470,4119
3471,4120
3472,4121
3473,4122
3474,4123
3475,4124
3476,4125
3477,4126
3479,4127
3480,4128
3481,4129
3482,4130
3483,4131
3484,4132
3485,4133
3486,4134
3487,4135
3488,4136
3490,4137
3491,4138
3492,4139
3493,4140
3494,4141
3495,4142
3496,4143
3497,4144
3498,4145
3499,4146
3501,4147
3502,4148
3503,4149
3504,4150
3505,4151
3506,4152
3507,4153
3508,4154
3509,4155
3510,4156
3512,4157
3513,4158
3514,4159
3515,4160
3516,4161
3517,4162
3518,4163
3519,4164
3520,4165
3521,4166
3523,4167
3524,4168
3525,4169
3526,4170
3527,4171
3528,4172
3529,4173
3530,4174
3531,4175
3532,4176
3534,4177
3535,4178
3536,4179
3537,4180
3538,4181
3539,4182
3540,4183
3541,4184
3542,4185
3543,4186
3545,4187
3546,4188
3547,4189
3548,4190
3549,4191
3550,4192
3551,4193
3552,4194
3553,4195
3554,4196
3557,4197
3558,4198
3559,4199
3560,4200
3561,4201
3562,4202
3563,4203
3564,4204
3565,4205
3566,4206
3568,4207
3569,4208
3570,4209
3571,4210
3572,4211
3573,4212
3574,4213
3575,4214
3576,4215
3577,4216
3579,4217
3580,4218
3581,4219
3582,4220
3583,4221
3584,4222
3585,4223
3586,4224
3587,4225
3588,4226
3590,4227
3591,4228
3592,4229
3593,4230
3594,4231
3595,4232
3596,4233
3597,4234
3598,4235
3599,4236
3601,4237
3602,4238
3603,4239
3604,4240
3605,4241
3606,4242
3607,4243
3608,4244
3609,4245
3610,4246
3612,4247
3613,4248
3614,4249
3615,4250
3616,4251
3617,4252
3618,4253
3619,4254
3620,4255
3621,4256
3623,4257
3624,4258
3625,4259
3626,4260
3627,4261
3628,4262
3629,4263
3630,4264
3631,4265
3632,4266
3634,4267
3635,4268
3636,4269
3637,4270
3638,4271
3639,4272
3640,4273
3641,4274
3642,4275
3643,4276
3645,4277
3646,4278
3647,4279
3648,4280
3649,4281
3650,4282
3651,4283
3652,4284
3653,4285
3654,4286
3656,4287
3657,4288
3658,4289
3659,4290
3660,4291
3661,4292
3662,4293
3663,4294
3664,4295
3667,4296
3668,4297
3669,4298
3670,4299
3671,4300
3672,4301
3673,4302
3674,4303
3675,4304
3676,4305
3678,4306
3679,4307
3680,4308
3681,4309
3682,4310
3683,4311
3684,4312
3685,4313
3686,4314
3687,4315
3689,4316
3690,4317
3691,4318
3692,4319
3693,4320
3694,4321
3695,4322
3696,4323
3697,4324
3698,4325
3700,4326
3701,4327
3702,4328
3703,4329
3704,4330
3705,4331
3706,4332
3707,4333
3708,4334
3709,4335
3711,4336
3712,4337
3713,4338
3714,4339
3715,4340
3716,4341
3717,4342
3718,4343
3719,4344
3721,4345
3722,4346
3723,4347
3724,4348
3725,4349
3726,4350
3727,4351
3728,4352
3729,4353
3730,4354
3732,4355
3733,4356
3734,4357
3735,4358
3736,4359
3737,4360
3738,4361
3739,4362
3740,4363
3741,4364
3743,4365
3744,4366
3745,4367
3746,4368
3747,4369
3748,4370
3749,4371
3750,4372
3751,4373
3752,4374
3754,4375
3755,4376
3756,4377
3757,4378
3758,4379
3759,4380
3760,4381
3761,4382
3762,4383
3763,4384
3765,4385
3766,4386
3767,4387
3768,4388
3769,4389
3770,4390
3771,4391
3772,4392
3773,4393
3774,4394
3777,4395
3778,4396
3779,4397
3780,4398
3781,4399
3782,4400
3783,4401
3784,4402
3785,4403
3786,4404
3788,4405
3789,4406
3790,4407
3791,4408
3792,4409
3793,4410
3794,4411
3795,4412
3796,4413
3797,4414
3799,4415
3800,4416
3801,4417
3802,4418
3803,4419
3804,4420
3805,4421
3806,4422
3807,4423
3808,4424
3810,4425
3811,4426
3812,4427
3813,4428
3814,4429
3815,4430
3816,4431
3817,4432
3818,4433
3819,4434
3821,4435
3822,4436
3823,4437
3824,4438
3825,4439
3826,4440
3827,4441
3828,4442
3829,4443
3830,4444
3832,4445
3833,4446
3834,4447
3835,4448
3836,4449
3837,4450
3838,4451
3839,4452
3840,4453
3841,4454
3843,4455
3844,4456
3845,4457
3846,4458
3847,4459
3848,4460
3849,4461
3850,4462
3851,4463
3853,4464
3854,4465
3855,4466
3856,4467
3857,4468
3858,4469
3859,4470
3860,4471
3861,4472
3862,4473
3864,4474
3865,4475
3866,4476
3867,4477
3868,4478
3869,4479
3870,4480
3871,4481
3872,4482
3874,4483
3875,4484
3876,4485
3877,4486
3878,4487
3879,4488
3880,4489
3881,4490
3882,4491
3883,4492
3886,4493
3887,4494
3888,4495
3889,4496
3890,4497
3891,4498
3892,4499
3893,4500
3894,4501
3895,4502
3897,4503
3898,4504
3899,4505
3900,4506
3901,4507
3902,4508
3903,4509
3904,4510
3905,4511
3906,4512
3908,4513
3909,4514
3910,4515
3911,4516
3912,4517
3913,4518
3914,4519
3915,4520
3916,4521
3917,4522
3919,4523
3920,4524
3921,4525
3922,4526
3923,4527
3924,4528
3925,4529
3926,4530
3927,4531
3928,4532
3930,4533
3931,4534
3932,4535
3933,4536
3934,4537
3935,4538
3936,4539
3937,4540
3938,4541
3939,4542
3941,4543
3942,4544
3943,4545
3944,4546
3945,4547
3946,4548
3947,4549
3948,4550
3949,4551
3950,4552
3952,4553
3953,4554
3954,4555
3955,4556
3956,4557
3957,4558
3958,4559
3959,4560
3960,4561
3961,4562
3963,4563
3964,4564
3965,4565
3966,4566
3967,4567
3968,4568
3969,4569
3970,4570
3971,4571
3972,4572
3974,4573
3975,4574
3976,4575
3977,4576
3978,4577
3979,4578
3980,4579
3981,4580
3982,4581
3983,4582
3985,4583
3986,4584
3987,4585
3988,4586
3989,4587
3990,4588
3991,4589
3992,4590
3993,4591
3994,4592
3997,4593
3998,4594
3999,4595
4000,4596
4001,4597
4002,4598
4003,4599
4004,4600
4005,4601
4006,4602
4008,4603
4009,4604
4010,4605
4011,4606
4012,4607
4013,4608
4014,4609
4015,4610
4016,4611
4017,4612
4019,4613
4020,4614
4021,4615
4022,4616
4023,4617
4024,4618
4025,4619
4026,4620
4027,4621
4028,4622
4030,4623
4031,4624
4032,4625
4033,4626
4034,4627
4035,4628
4036,4629
4037,4630
4038,4631
4040,4632
4041,4633
4042,4634
4043,4635
4044,4636
4045,4637
4046,4638
4047,4639
4048,4640
4049,4641
4051,4642
4052,4643
4053,4644
4054,4645
4055,4646
4056,4647
4057,4648
4058,4649
4059,4650
4060,4651
4062,4652
4063,4653
4064,4654
4065,4655
4066,4656
4067,4657
4068,4658
4069,4659
4070,4660
4071,4661
4073,4662
4074,4663
4075,4664
4076,4665
4077,4666
4078,4667
4079,4668
4080,4669
4081,4670
4082,4671
4084,4672
4085,4673
4086,4674
4087,4675
4088,4676
4089,4677
4090,4678
4091,4679
4092,4680
4093,4681
4095,4682
4096,4683
4097,4684
4098,4685
4099,4686
4100,4687
4101,4688
4102,4689
4103,4690
4104,4691
4107,4692
4108,4693
4109,4694
4110,4695
4111,4696
4112,4697
4113,4698
4114,4699
4115,4700
4116,4701
4118,4702
4119,4703
4120,4704
4121,4705
4122,4706
4123,4707
4124,4708
4125,4709
4126,4710
4127,4711
4129,4712
4130,4713
4131,4714
4132,4715
4133,4716
4134,4717
4135,4718
4136,4719
4137,4720
4138,4721
4140,4722
4141,4723
4142,4724
4143,4725
4144,4726
4145,4727
4146,4728
4147,4729
4148,4730
4149,4731
4151,4732
4152,4733
4153,4734
4154,4735
4155,4736
4156,4737
4157,4738
4158,4739
4159,4740
4160,4741
4162,4742
4163,4743
4164,4744
4165,4745
4166,4746
4167,4747
4168,4748
4169,4749
4170,4750
4171,4751
4173,4752
4174,4753
4175,4754
4176,4755
4177,4756
4178,4757
4179,4758
4180,4759
4181,4760
4182,4761
4184,4762
4185,4763
4186,4764
4187,4765
4188,4766
4189,4767
4190,4768
4191,4769
4192,4770
4193,4771
4195,4772
4196,4773
4197,4774
4198,4775
4199,4776
4200,4777
4201,4778
4202,4779
4203,4780
4204,4781
4206,4782
4207,4783
4208,4784
4209,4785
4210,4786
4211,4787
4212,4788
4213,4789
4214,4790
4215,4791
4218,4792
4219,4793
4220,4794
4221,4795
4222,4796
4223,4797
4224,4798
4225,4799
4226,4800
4227,4801
4229,4802
4230,4803
4231,4804
4232,4805
4233,4806
4234,4807
4235,4808
4236,4809
4237,4810
4238,4811
4240,4812
4241,4813
4242,4814
4243,4815
4244,4816
4245,4817
4246,4818
4247,4819
4248,4820
4249,4821
4251,4822
4252,4823
4253,4824
4254,4825
4255,4826
4256,4827
4257,4828
4258,4829
4259,4830
4260,4831
4262,4832
4263,4833
4264,4834
4265,4835
4266,4836
4267,4837
4268,4838
4269,4839
4270,4840
4271,4841
4273,4842
4274,4843
4275,4844
4276,4845
4277,4846
4278,4847
4279,4848
4280,4849
4281,4850
4282,4851
4284,4852
4285,4853
4286,4854
4287,4855
4288,4856
4289,4857
4290,4858
4291,4859
4292,4860
4293,4861
4295,4862
4296,4863
4297,4864
4298,4865
4299,4866
4300,4867
4301,4868
4302,4869
4303,4870
4304,4871
4306,4872
4307,4873
4308,4874
4309,4875
4310,4876
4311,4877
4312,4878
4313,4879
4314,4880
4315,4881
4317,4882
4318,4883
4319,4884
4320,4885
4321,4886
4322,4887
4323,4888
4324,4889
4325,4890
4326,4891
4329,4892
4330,4893
4331,4894
4332,4895
4333,4896
4334,4897
4335,4898
4336,4899
4337,4900
4338,4901
4340,4902
4341,4903
4342,4904
4343,4905
4344,4906
4345,4907
4346,4908
4347,4909
4348,4910
4349,4911
4351,4912
4352,4913
4353,4914
4354,4915
4355,4916
4356,4917
4357,4918
4358,4919
4359,4920
4360,4921
4362,4922
4363,4923
4364,4924
4365,4925
4366,4926
4367,4927
4368,4928
4369,4929
4370,4930
4371,4931
4373,4932
4374,4933
4375,4934
4376,4935
4377,4936
4378,4937
4379,4938
4380,4939
4381,4940
4382,4941
4384,4942
4385,4943
4386,4944
4387,4945
4388,4946
4389,4947
4390,4948
4391,4949
4392,4950
4393,4951
4395,4952
4396,4953
4397,4954
4398,4955
4399,4956
4400,4957
4401,4958
4402,4959
4403,4960
4404,4961
4406,4962
4407,4963
4408,4964
4409,4965
4410,4966
4411,4967
4412,4968
4413,4969
4414,4970
4415,4971
4417,4972
4418,4973
4419,4974
4420,4975
4421,4976
4422,4977
4423,4978
4424,4979
4425,4980
4426,4981
4428,4982
4429,4983
4430,4984
4431,4985
4432,4986
4433,4987
4434,4988
4435,4989
4436,4990
4437,4991
4441,4992
4442,4993
4443,4994
4444,4995
4445,4996
4446,4997
4447,4998
4448,4999
4449,5000
4450,5001
4452,5002
4453,5003
4454,5004
4455,5005
4456,5006
4457,5007
4458,5008
4459,5009
4460,5010
4461,5011
4463,5012
4464,5013
4465,5014
4466,5015
4467,5016
4468,5017
4469,5018
4470,5019
4471,5020
4472,5021
4474,5022
4475,5023
4476,5024
4477,5025
4478,5026
4479,5027
4480,5028
4481,5029
4482,5030
4483,5031
4485,5032
4486,5033
4487,5034
4488,5035
4489,5036
4490,5037
4491,5038
4492,5039
4493,5040
4494,5041
4496,5042
4497,5043
4498,5044
4499,5045
4500,5046
4501,5047
4502,5048
4503,5049
4504,5050
4505,5051
4507,5052
4508,5053
4509,5054
4510,5055
4511,5056
4512,5057
4513,5058
4514,5059
4515,5060
4516,5061
4518,5062
4519,5063
4520,5064
4521,5065
4522,5066
4523,5067
4524,5068
4525,5069
4526,5070
4527,5071
4529,5072
4530,5073
4531,5074
4532,5075
4533,5076
4534,5077
4535,5078
4536,5079
4537,5080
4538,5081
4540,5082
4541,5083
4542,5084
4543,5085
4544,5086
4545,5087
4546,5088
4547,5089
4548,5090
4549,5091
4552,5092
4553,5093
4554,5094
4555,5095
4556,5096
4557,5097
4558,5098
4559,5099
4560,5100
4561,5101
4563,5102
4564,5103
4565,5104
4566,5105
4567,5106
4568,5107
4569,5108
4570,5109
4571,5110
4572,5111
4574,5112
4575,5113
4576,5114
4577,5115
4578,5116
4579,5117
4580,5118
4581,5119
4582,5120
4583,5121
4585,5122
4586,5123
4587,5124
4588,5125
4589,5126
4590,5127
4591,5128
4592,5129
4593,5130
4594,5131
4596,5132
4597,5133
4598,5134
4599,5135
4600,5136
4601,5137
4602,5138
4603,5139
4604,5140
4605,5141
4607,5142
4608,5143
4609,5144
4610,5145
4611,5146
4612,5147
4613,5148
4614,5149
4615,5150
4616,5151
4618,5152
4619,5153
4620,5154
4621,5155
4622,5156
4623,5157
4624,5158
4625,5159
4626,5160
4627,5161
4629,5162
4630,5163
4631,5164
4632,5165
4633,5166
4634,5167
4635,5168
4636,5169
4637,5170
4638,5171
4640,5172
4641,5173
4642,5174
4643,5175
4644,5176
4645,5177
4646,5178
4647,5179
4648,5180
4649,5181
4651,5182
4652,5183
4653,5184
4654,5185
4655,5186
4656,5187
4657,5188
4658,5189
4659,5190
4660,5191
4663,5192
4664,5193
4665,5194
4666,5195
4667,5196
4668,5197
4669,5198
4670,5199
4671,5200
4672,5201
4674,5202
4675,5203
4676,5204
4677,5205
4678,5206
4679,5207
4680,5208
4681,5209
4682,5210
4683,5211
4685,5212
4686,5213
4687,5214
4688,5215
4689,5216
4690,5217
4691,5218
4692,5219
4693,5220
4694,5221
4696,5222
4697,5223
4698,5224
4699,5225
4700,5226
4701,5227
4702,5228
4703,5229
4704,5230
4705,5231
4707,5232
4708,5233
4709,5234
4710,5235
4711,5236
4712,5237
4713,5238
4714,5239
4715,5240
4716,5241
4718,5242
4719,5243
4720,5244
4721,5245
4722,5246
4723,5247
4724,5248
4725,5249
4726,5250
4727,5251
4729,5252
4730,5253
4731,5254
4732,5255
4733,5256
4734,5257
4735,5258
4736,5259
4737,5260
4738,5261
4740,5262
4741,5263
4742,5264
4743,5265
4744,5266
4745,5267
4746,5268
4747,5269
4748,5270
4749,5271
4751,5272
4752,5273
4753,5274
4754,5275
4755,5276
4756,5277
4757,5278
4758,5279
4759,5280
4760,5281
4762,5282
4763,5283
4764,5284
4765,5285
4766,5286
4767,5287
4768,5288
4769,5289
4770,5290
4771,5291
4774,5292
4775,5293
4776,5294
4777,5295
4778,5296
4779,5297
4780,5298
4781,5299
4782,5300
4783,5301
4785,5302
4786,5303
4787,5304
4788,5305
4789,5306
4790,5307
4791,5308
4792,5309
4793,5310
4794,5311
4796,5312
4797,5313
4798,5314
4799,5315
4800,5316
4801,5317
4802,5318
4803,5319
4804,5320
4805,5321
4807,5322
4808,5323
4809,5324
4810,5325
4811,5326
4812,5327
4813,5328
4814,5329
4815,5330
4816,5331
4818,5332
4819,5333
4820,5334
4821,5335
4822,5336
4823,5337
4824,5338
4825,5339
4826,5340
4827,5341
4829,5342
4830,5343
4831,5344
4832,5345
4833,5346
4834,5347
4835,5348
4836,5349
4837,5350
4838,5351
4840,5352
4841,5353
4842,5354
4843,5355
4844,5356
4845,5357
4846,5358
4847,5359
4848,5360
4849,5361
4851,5362
4852,5363
4853,5364
4854,5365
4855,5366
4856,5367
4857,5368
4858,5369
4859,5370
4860,5371
4862,5372
4863,5373
4864,5374
4865,5375
4866,5376
4867,5377
4868,5378
4869,5379
4870,5380
4871,5381
4873,5382
4874,5383
4875,5384
4876,5385
4877,5386
4878,5387
4879,5388
4880,5389
4881,5390
4882,5391
4885,5392
4886,5393
4887,5394
4888,5395
4889,5396
4890,5397
4891,5398
4892,5399
4893,5400
4894,5401
4896,5402
4897,5403
4898,5404
4899,5405
4900,5406
4901,5407
4902,5408
4903,5409
4904,5410
4905,5411
4907,5412
4908,5413
4909,5414
4910,5415
4911,5416
4912,5417
4913,5418
4914,5419
4915,5420
4916,5421
4918,5422
4919,5423
4920,5424
4921,5425
4922,5426
4923,5427
4924,5428
4925,5429
4926,5430
4927,5431
4929,5432
4930,5433
4931,5434
4932,5435
4933,5436
4934,5437
4935,5438
4936,5439
4937,5440
4938,5441
4940,5442
4941,5443
4942,5444
4943,5445
4944,5446
4945,5447
4946,5448
4947,5449
4948,5450
4949,5451
4951,5452
4952,5453
4953,5454
4954,5455
4955,5456
4956,5457
4957,5458
4958,5459
4959,5460
4960,5461
4962,5462
4963,5463
4964,5464
4965,5465
4966,5466
4967,5467
4968,5468
4969,5469
4970,5470
4971,5471
4973,5472
4974,5473
4975,5474
4976,5475
4977,5476
4978,5477
4979,5478
4980,5479
4981,5480
4982,5481
4984,5482
4985,5483
4986,5484
4987,5485
4988,5486
4989,5487
4990,5488
4991,5489
4992,5490
4993,5491
4996,5492
4997,5493
4998,5494
4999,5495
5000,5496
5001,5497
5002,5498
5003,5499
5004,5500
5005,5501
5007,5502
5008,5503
5009,5504
5010,5505
5011,5506
5012,5507
5013,5508
5014,5509
5015,5510
5016,5511
5018,5512
5019,5513
5020,5514
5021,5515
5022,5516
5023,5517
5024,5518
5025,5519
5026,5520
5027,5521
5029,5522
5030,5523
5031,5524
5032,5525
5033,5526
5034,5527
5035,5528
5036,5529
5037,5530
5038,5531
5040,5532
5041,5533
5042,5534
5043,5535
5044,5536
5045,5537
5046,5538
5047,5539
5048,5540
5049,5541
5051,5542
5052,5543
5053,5544
5054,5545
5055,5546
5056,5547
5057,5548
5058,5549
5059,5550
5060,5551
5062,5552
5063,5553
5064,5554
5065,5555
5066,5556
5067,5557
5068,5558
5069,5559
5070,5560
5071,5561
5073,5562
5074,5563
5075,5564
5076,5565
5077,5566
5078,5567
5079,5568
5080,5569
5081,5570
5082,5571
5084,5572
5085,5573
5086,5574
5087,5575
5088,5576
5089,5577
5090,5578
5091,5579
5092,5580
5093,5581
5095,5582
5096,5583
5097,5584
5098,5585
5099,5586
5100,5587
5101,5588
5102,5589
5103,5590
5104,5591
5107,5592
5108,5593
5109,5594
5110,5595
5111,5596
5112,5597
5113,5598
5114,5599
5115,5600
5116,5601
5118,5602
5119,5603
5120,5604
5121,5605
5122,5606
5123,5607
5124,5608
5125,5609
5126,5610
5127,5611
5129,5612
5130,5613
5131,5614
5132,5615
5133,5616
5134,5617
5135,5618
5136,5619
5137,5620
5138,5621
5140,5622
5141,5623
5142,5624
5143,5625
5144,5626
5145,5627
5146,5628
5147,5629
5148,5630
5149,5631
5151,5632
5152,5633
5153,5634
5154,5635
5155,5636
5156,5637
5157,5638
5158,5639
5159,5640
5160,5641
5162,5642
5163,5643
5164,5644
5165,5645
5166,5646
5167,5647
5168,5648
5169,5649
5170,5650
5171,5651
5173,5652
5174,5653
5175,5654
5176,5655
5177,5656
5178,5657
5179,5658
5180,5659
5181,5660
5182,5661
5184,5662
5185,5663
5186,5664
5187,5665
5188,5666
5189,5667
5190,5668
5191,5669
5192,5670
5193,5671
5195,5672
5196,5673
5197,5674
5198,5675
5199,5676
5200,5677
5201,5678
5202,5679
5203,5680
5204,5681
5206,5682
5207,5683
5208,5684
5209,5685
5210,5686
5211,5687
5212,5688
5213,5689
5214,5690
5215,5691
5218,5692
5219,5693
5220,5694
5221,5695
5222,5696
5223,5697
5224,5698
5225,5699
5226,5700
5227,5701
5229,5702
5230,5703
5231,5704
5232,5705
5233,5706
5234,5707
5235,5708
5236,5709
5237,5710
5238,5711
5240,5712
5241,5713
5242,5714
5243,5715
5244,5716
5245,5717
5246,5718
5247,5719
5248,5720
5249,5721
5251,5722
5252,5723
5253,5724
5254,5725
5255,5726
5256,5727
5257,5728
5258,5729
5259,5730
5260,5731
5262,5732
5263,5733
5264,5734
5265,5735
5266,5736
5267,5737
5268,5738
5269,5739
5270,5740
5271,5741
5273,5742
5274,5743
5275,5744
5276,5745
5277,5746
5278,5747
5279,5748
5280,5749
5281,5750
5282,5751
5284,5752
5285,5753
5286,5754
5287,5755
5288,5756
5289,5757
5290,5758
5291,5759
5292,5760
5293,5761
5295,5762
5296,5763
5297,5764
5298,5765
5299,5766
5300,5767
5301,5768
5302,5769
5303,5770
5304,5771
5306,5772
5307,5773
5308,5774
5309,5775
5310,5776
5311,5777
5312,5778
5313,5779
5314,5780
5315,5781
5317,5782
5318,5783
5319,5784
5320,5785
5321,5786
5322,5787
5323,5788
5324,5789
5325,5790
5326,5791
5329,5792
5330,5793
5331,5794
5332,5795
5333,5796
5334,5797
5335,5798
5336,5799
5337,5800
5338,5801
5340,5802
5341,5803
5342,5804
5343,5805
5344,5806
5345,5807
5346,5808
5347,5809
5348,5810
5349,5811
5351,5812
5352,5813
5353,5814
5354,5815
5355,5816
5356,5817
5357,5818
5358,5819
5359,5820
5360,5821
5362,5822
5363,5823
5364,5824
5365,5825
5366,5826
5367,5827
5368,5828
5369,5829
5370,5830
5371,5831
5373,5832
5374,5833
5375,5834
5376,5835
5377,5836
5378,5837
5379,5838
5380,5839
5381,5840
5382,5841
5384,5842
5385,5843
5386,5844
5387,5845
5388,5846
5389,5847
5390,5848
5391,5849
5392,5850
5394,5851
5395,5852
5396,5853
5397,5854
5398,5855
5399,5856
5400,5857
5401,5858
5402,5859
5403,5860
5405,5861
5406,5862
5407,5863
5408,5864
5409,5865
5410,5866
5411,5867
5412,5868
5413,5869
5414,5870
5416,5871
5417,5872
5418,5873
5419,5874
5420,5875
5421,5876
5422,5877
5423,5878
5424,5879
5425,5880
5427,5881
5428,5882
5429,5883
5430,5884
5431,5885
5432,5886
5433,5887
5434,5888
5435,5889
5436,5890
5439,5891
5440,5892
5441,5893
5442,5894
5443,5895
5444,5896
5445,5897
5446,5898
5447,5899
5448,5900
5450,5901
5451,5902
5452,5903
5453,5904
5454,5905
5455,5906
5456,5907
5457,5908
5458,5909
5459,5910
5461,5911
5462,5912
5463,5913
5464,5914
5465,5915
5466,5916
5467,5917
5468,5918
5469,5919
5470,5920
5472,5921
5473,5922
5474,5923
5475,5924
5476,5925
5477,5926
5478,5927
5479,5928
5480,5929
5481,5930
5483,5931
5484,5932
5485,5933
5486,5934
5487,5935
5488,5936
5489,5937
5490,5938
5491,5939
5492,5940
5494,5941
5495,5942
5496,5943
5497,5944
5498,5945
5499,5946
5500,5947
5501,5948
5502,5949
5503,5950
5505,5951
5506,5952
5507,5953
5508,5954
5509,5955
5510,5956
5511,5957
5512,5958
5513,5959
5514,5960
5516,5961
5517,5962
5518,5963
5519,5964
5520,5965
5521,5966
5522,5967
5523,5968
5524,5969
5525,5970
5527,5971
5528,5972
5529,5973
5530,5974
5531,5975
5532,5976
5533,5977
5534,5978
5535,5979
5536,5980
5538,5981
5539,5982
5540,5983
5541,5984
5542,5985
5543,5986
5544,5987
5545,5988
5546,5989
5547,5990
5551,5991
5552,5992
5553,5993
5554,5994
5555,5995
5556,5996
5557,5997
5558,5998
5559,5999
5560,6000
5562,6001
5563,6002
5564,6003
5565,6004
5566,6005
5567,6006
5568,6007
5569,6008
5570,6009
5571,6010
5573,6011
5574,6012
5575,6013
5576,6014
5577,6015
5578,6016
5579,6017
5580,6018
5581,6019
5582,6020
5584,6021
5585,6022
5586,6023
5587,6024
5588,6025
5589,6026
5590,6027
5591,6028
5592,6029
5593,6030
5595,6031
